-0.274597,-0.367432,-0.571350,-0.680603
-0.267029,-0.375122,-0.567932,-0.682312
-0.267029,-0.375122,-0.567932,-0.682312
-0.267029,-0.375122,-0.567932,-0.682312
-0.258301,-0.381775,-0.564941,-0.684448
-0.248352,-0.386414,-0.563171,-0.687012
-0.248352,-0.386414,-0.563171,-0.687012
-0.238708,-0.390991,-0.561523,-0.689148
-0.238708,-0.390991,-0.561523,-0.689148
-0.230469,-0.397156,-0.558960,-0.690552
-0.230469,-0.397156,-0.558960,-0.690552
-0.223083,-0.403503,-0.556396,-0.691284
-0.223083,-0.403503,-0.556396,-0.691284
-0.215515,-0.408813,-0.554260,-0.692322
-0.207520,-0.412903,-0.552429,-0.693787
-0.207520,-0.412903,-0.552429,-0.693787
-0.199951,-0.415833,-0.551331,-0.695190
-0.193665,-0.417419,-0.550903,-0.696350
-0.193665,-0.417419,-0.550903,-0.696350
-0.188965,-0.418030,-0.551147,-0.697083
-0.188965,-0.418030,-0.551147,-0.697083
-0.185547,-0.417725,-0.551941,-0.697510
-0.185547,-0.417725,-0.551941,-0.697510
-0.185547,-0.417725,-0.551941,-0.697510
-0.182312,-0.417725,-0.552246,-0.698120
-0.182312,-0.417725,-0.552246,-0.698120
-0.181580,-0.418152,-0.551514,-0.698669
-0.180237,-0.418457,-0.550842,-0.699341
-0.180237,-0.418457,-0.550842,-0.699341
-0.178833,-0.418884,-0.550232,-0.699951
-0.178833,-0.418884,-0.550232,-0.699951
-0.178833,-0.418884,-0.550232,-0.699951
-0.175781,-0.418457,-0.550293,-0.700928
-0.175781,-0.418457,-0.550293,-0.700928
-0.175781,-0.418457,-0.550293,-0.700928
-0.174927,-0.418091,-0.550781,-0.700989
-0.174622,-0.417969,-0.551453,-0.700562
-0.174622,-0.417969,-0.551453,-0.700562
-0.174133,-0.417786,-0.552246,-0.700195
-0.173340,-0.417236,-0.553040,-0.700073
-0.173340,-0.417236,-0.553040,-0.700073
-0.173340,-0.417236,-0.553040,-0.700073
-0.172546,-0.416565,-0.553528,-0.700317
-0.171814,-0.416260,-0.553589,-0.700623
-0.171814,-0.416260,-0.553589,-0.700623
-0.171326,-0.416382,-0.553223,-0.700989
-0.171326,-0.416382,-0.553223,-0.700989
-0.171204,-0.416626,-0.552673,-0.701294
-0.171387,-0.416626,-0.552307,-0.701477
-0.171387,-0.416626,-0.552307,-0.701477
-0.171326,-0.416260,-0.552185,-0.701904
-0.171326,-0.416260,-0.552185,-0.701904
-0.171021,-0.415527,-0.552185,-0.702332
-0.171021,-0.415527,-0.552185,-0.702332
-0.170410,-0.415161,-0.552429,-0.702515
-0.170410,-0.415100,-0.552551,-0.702454
-0.170410,-0.415100,-0.552551,-0.702454
-0.172302,-0.414185,-0.553040,-0.702148
-0.172302,-0.414185,-0.553040,-0.702148
-0.175781,-0.412170,-0.554016,-0.701721
-0.175781,-0.412170,-0.554016,-0.701721
-0.179993,-0.409363,-0.554626,-0.701843
-0.179993,-0.409363,-0.554626,-0.701843
-0.184937,-0.405945,-0.554993,-0.702209
-0.188660,-0.400940,-0.557190,-0.702332
-0.188660,-0.400940,-0.557190,-0.702332
-0.188660,-0.400940,-0.557190,-0.702332
-0.192749,-0.394348,-0.560730,-0.702148
-0.198181,-0.385010,-0.565796,-0.701782
-0.203735,-0.371155,-0.573059,-0.701782
-0.203735,-0.371155,-0.573059,-0.701782
-0.211121,-0.354065,-0.580994,-0.701843
-0.211121,-0.354065,-0.580994,-0.701843
-0.221436,-0.335999,-0.588989,-0.700928
-0.231995,-0.316406,-0.597534,-0.699402
-0.231995,-0.316406,-0.597534,-0.699402
-0.231995,-0.316406,-0.597534,-0.699402
-0.239990,-0.293640,-0.607056,-0.698425
-0.245605,-0.269470,-0.616394,-0.698059
-0.245605,-0.269470,-0.616394,-0.698059
-0.250488,-0.244812,-0.625244,-0.697510
-0.254517,-0.219849,-0.633789,-0.696655
-0.254517,-0.219849,-0.633789,-0.696655
-0.258423,-0.196411,-0.641663,-0.695007
-0.258423,-0.196411,-0.641663,-0.695007
-0.260925,-0.173401,-0.649231,-0.693176
-0.260925,-0.173401,-0.649231,-0.693176
-0.262207,-0.151123,-0.656311,-0.691223
-0.262207,-0.151123,-0.656311,-0.691223
-0.262756,-0.130066,-0.662598,-0.689331
-0.261719,-0.109558,-0.667786,-0.688232
-0.261719,-0.109558,-0.667786,-0.688232
-0.261719,-0.109558,-0.667786,-0.688232
-0.258728,-0.088257,-0.672607,-0.687744
-0.254211,-0.067383,-0.677368,-0.687134
-0.250122,-0.048279,-0.681824,-0.685791
-0.250122,-0.048279,-0.681824,-0.685791
-0.250122,-0.048279,-0.681824,-0.685791
-0.246521,-0.031494,-0.685730,-0.684204
-0.246521,-0.031494,-0.685730,-0.684204
-0.242981,-0.015747,-0.688965,-0.682739
-0.238708,-0.000366,-0.691406,-0.681946
-0.238708,-0.000366,-0.691406,-0.681946
-0.234802,0.013672,-0.692871,-0.681641
-0.234802,0.013672,-0.692871,-0.681641
-0.232178,0.026367,-0.693359,-0.681702
-0.230469,0.037476,-0.693298,-0.681824
-0.230469,0.037476,-0.693298,-0.681824
-0.228638,0.048950,-0.693176,-0.681885
-0.228638,0.048950,-0.693176,-0.681885
-0.227173,0.059021,-0.693542,-0.681213
-0.227173,0.059021,-0.693542,-0.681213
-0.225464,0.067261,-0.694336,-0.680176
-0.225464,0.067261,-0.694336,-0.680176
-0.223816,0.072205,-0.695251,-0.679260
-0.223816,0.072205,-0.695251,-0.679260
-0.222290,0.075378,-0.696106,-0.678528
-0.218628,0.078796,-0.696106,-0.679321
-0.218628,0.078796,-0.696106,-0.679321
-0.211670,0.082642,-0.695862,-0.681335
-0.211670,0.082642,-0.695862,-0.681335
-0.204407,0.085449,-0.696533,-0.682495
-0.204407,0.085449,-0.696533,-0.682495
-0.200012,0.085205,-0.697876,-0.682495
-0.196533,0.082581,-0.699402,-0.682312
-0.196533,0.082581,-0.699402,-0.682312
-0.196533,0.082581,-0.699402,-0.682312
-0.195129,0.076965,-0.701416,-0.681274
-0.195312,0.071045,-0.703613,-0.679626
-0.195312,0.071045,-0.703613,-0.679626
-0.192383,0.071228,-0.704590,-0.679382
-0.192383,0.071228,-0.704590,-0.679382
-0.186096,0.076538,-0.704346,-0.680786
-0.186096,0.076538,-0.704346,-0.680786
-0.178833,0.083740,-0.704407,-0.681885
-0.178833,0.083740,-0.704407,-0.681885
-0.174805,0.088013,-0.705200,-0.681519
-0.174805,0.088013,-0.705200,-0.681519
-0.176941,0.085693,-0.707397,-0.678955
-0.182983,0.077209,-0.710754,-0.674927
-0.182983,0.077209,-0.710754,-0.674927
-0.186829,0.067322,-0.714783,-0.670654
-0.186829,0.067322,-0.714783,-0.670654
-0.187439,0.056641,-0.718994,-0.666931
-0.187439,0.043396,-0.722473,-0.664185
-0.187439,0.043396,-0.722473,-0.664185
-0.187439,0.043396,-0.722473,-0.664185
-0.187561,0.028564,-0.724487,-0.662720
-0.187561,0.028564,-0.724487,-0.662720
-0.186768,0.015503,-0.725037,-0.662781
-0.185120,0.005859,-0.723694,-0.664856
-0.185120,0.005859,-0.723694,-0.664856
-0.176697,0.007019,-0.719849,-0.671326
-0.176697,0.007019,-0.719849,-0.671326
-0.171631,0.006897,-0.717529,-0.675049
-0.171631,0.006897,-0.717529,-0.675049
-0.177246,0.002563,-0.717346,-0.673889
-0.177246,0.002563,-0.717346,-0.673889
-0.190369,-0.005188,-0.717163,-0.670410
-0.202942,-0.007874,-0.717773,-0.666077
-0.202942,-0.007874,-0.717773,-0.666077
-0.212830,-0.011536,-0.718872,-0.661743
-0.212830,-0.011536,-0.718872,-0.661743
-0.216187,-0.012207,-0.720886,-0.658447
-0.216187,-0.012207,-0.720886,-0.658447
-0.211548,-0.004639,-0.722656,-0.658081
-0.205750,0.003906,-0.723877,-0.658569
-0.205750,0.003906,-0.723877,-0.658569
-0.204529,0.006958,-0.725281,-0.657410
-0.204529,0.006958,-0.725281,-0.657410
-0.206970,0.005554,-0.726929,-0.654846
-0.209473,0.004700,-0.727844,-0.653015
-0.209473,0.004700,-0.727844,-0.653015
-0.210815,0.004944,-0.727295,-0.653198
-0.210815,0.004944,-0.727295,-0.653198
-0.211182,0.005798,-0.726440,-0.654053
-0.209473,0.007507,-0.726196,-0.654785
-0.209473,0.007507,-0.726196,-0.654785
-0.206848,0.008484,-0.726990,-0.654724
-0.206848,0.008484,-0.726990,-0.654724
-0.208252,0.004456,-0.728027,-0.653198
-0.208252,0.004456,-0.728027,-0.653198
-0.213867,-0.002502,-0.728760,-0.650635
-0.213867,-0.002502,-0.728760,-0.650635
-0.219910,-0.006287,-0.729004,-0.648254
-0.221008,-0.004333,-0.729675,-0.647156
-0.221008,-0.004333,-0.729675,-0.647156
-0.222717,-0.003479,-0.730774,-0.645325
-0.222717,-0.003479,-0.730774,-0.645325
-0.226807,-0.005676,-0.732239,-0.642212
-0.226807,-0.005676,-0.732239,-0.642212
-0.230042,-0.006042,-0.734192,-0.638855
-0.232117,-0.004517,-0.736389,-0.635498
-0.232117,-0.004517,-0.736389,-0.635498
-0.233826,-0.001465,-0.738525,-0.632507
-0.233826,-0.001465,-0.738525,-0.632507
-0.237244,0.000977,-0.739990,-0.629456
-0.242920,0.003357,-0.741089,-0.625977
-0.242920,0.003357,-0.741089,-0.625977
-0.248840,0.007080,-0.741882,-0.622681
-0.248840,0.007080,-0.741882,-0.622681
-0.254883,0.012024,-0.742371,-0.619568
-0.260925,0.015686,-0.743103,-0.616089
-0.260925,0.015686,-0.743103,-0.616089
-0.267212,0.018982,-0.743347,-0.613037
-0.267212,0.018982,-0.743347,-0.613037
-0.274353,0.023254,-0.742798,-0.610352
-0.274353,0.023254,-0.742798,-0.610352
-0.278748,0.029480,-0.742249,-0.608765
-0.278748,0.029480,-0.742249,-0.608765
-0.284607,0.031372,-0.742004,-0.606262
-0.284607,0.031372,-0.742004,-0.606262
-0.293396,0.028748,-0.741333,-0.603027
-0.301208,0.028442,-0.740417,-0.600281
-0.301208,0.028442,-0.740417,-0.600281
-0.306335,0.031799,-0.739807,-0.598267
-0.306335,0.031799,-0.739807,-0.598267
-0.311829,0.033752,-0.739624,-0.595520
-0.317322,0.033936,-0.739990,-0.592163
-0.317322,0.033936,-0.739990,-0.592163
-0.322754,0.035400,-0.740417,-0.588623
-0.322754,0.035400,-0.740417,-0.588623
-0.328064,0.037598,-0.741028,-0.584717
-0.334045,0.039062,-0.741455,-0.580688
-0.334045,0.039062,-0.741455,-0.580688
-0.339600,0.040283,-0.741760,-0.576965
-0.339600,0.040283,-0.741760,-0.576965
-0.344788,0.041321,-0.741821,-0.573792
-0.344788,0.041321,-0.741821,-0.573792
-0.349487,0.041870,-0.742249,-0.570312
-0.349487,0.041870,-0.742249,-0.570312
-0.355652,0.039124,-0.742126,-0.566895
-0.361938,0.035156,-0.741211,-0.564331
-0.361938,0.035156,-0.741211,-0.564331
-0.366272,0.032654,-0.740173,-0.563049
-0.366272,0.032654,-0.740173,-0.563049
-0.369934,0.029724,-0.738831,-0.562622
-0.369934,0.029724,-0.738831,-0.562622
-0.374756,0.023560,-0.736694,-0.562439
-0.379517,0.015320,-0.734009,-0.563110
-0.379517,0.015320,-0.734009,-0.563110
-0.383728,0.005615,-0.731323,-0.563904
-0.383728,0.005615,-0.731323,-0.563904
-0.388000,-0.006958,-0.728760,-0.564270
-0.392578,-0.023132,-0.725952,-0.564331
-0.392578,-0.023132,-0.725952,-0.564331
-0.396057,-0.040161,-0.722778,-0.565002
-0.396057,-0.040161,-0.722778,-0.565002
-0.397217,-0.055359,-0.719116,-0.567566
-0.397217,-0.055359,-0.719116,-0.567566
-0.397339,-0.070923,-0.714783,-0.571228
-0.397217,-0.088501,-0.709961,-0.574890
-0.397217,-0.088501,-0.709961,-0.574890
-0.396851,-0.107361,-0.704895,-0.578125
-0.396851,-0.107361,-0.704895,-0.578125
-0.394897,-0.125854,-0.700500,-0.581055
-0.391968,-0.144043,-0.696716,-0.583313
-0.391968,-0.144043,-0.696716,-0.583313
-0.388550,-0.162598,-0.692932,-0.585327
-0.388550,-0.162598,-0.692932,-0.585327
-0.384277,-0.180725,-0.688782,-0.587646
-0.384277,-0.180725,-0.688782,-0.587646
-0.379883,-0.197876,-0.684387,-0.590149
-0.375854,-0.213562,-0.680298,-0.591980
-0.375854,-0.213562,-0.680298,-0.591980
-0.371826,-0.225891,-0.677185,-0.593506
-0.371826,-0.225891,-0.677185,-0.593506
-0.368103,-0.235657,-0.675049,-0.594482
-0.368103,-0.235657,-0.675049,-0.594482
-0.365845,-0.244202,-0.672913,-0.594849
-0.365845,-0.244202,-0.672913,-0.594849
-0.363953,-0.251221,-0.671265,-0.594910
-0.362183,-0.256165,-0.670288,-0.594971
-0.362183,-0.256165,-0.670288,-0.594971
-0.361023,-0.259766,-0.669861,-0.594666
-0.361023,-0.259766,-0.669861,-0.594666
-0.360657,-0.262207,-0.669434,-0.594299
-0.360291,-0.262390,-0.668945,-0.594910
-0.360291,-0.262390,-0.668945,-0.594910
-0.359619,-0.260437,-0.668762,-0.596436
-0.359619,-0.260437,-0.668762,-0.596436
-0.359192,-0.257263,-0.668884,-0.597900
-0.359985,-0.255005,-0.669006,-0.598267
-0.359985,-0.255005,-0.669006,-0.598267
-0.362183,-0.254211,-0.668701,-0.597656
-0.364441,-0.253845,-0.668213,-0.596985
-0.364441,-0.253845,-0.668213,-0.596985
-0.366760,-0.253479,-0.667725,-0.596252
-0.366760,-0.253479,-0.667725,-0.596252
-0.368408,-0.252869,-0.667358,-0.595825
-0.368408,-0.252869,-0.667358,-0.595825
-0.369141,-0.251465,-0.667419,-0.596008
-0.369141,-0.251465,-0.667419,-0.596008
-0.369019,-0.249268,-0.667908,-0.596436
-0.368713,-0.247620,-0.668518,-0.596558
-0.368713,-0.247620,-0.668518,-0.596558
-0.368896,-0.247009,-0.668945,-0.596313
-0.368896,-0.247009,-0.668945,-0.596313
-0.369263,-0.246765,-0.669312,-0.595703
-0.369263,-0.246765,-0.669312,-0.595703
-0.369446,-0.246460,-0.669556,-0.595398
-0.369385,-0.246155,-0.669678,-0.595520
-0.369385,-0.246155,-0.669678,-0.595520
-0.369080,-0.245972,-0.669739,-0.595642
-0.369080,-0.245972,-0.669739,-0.595642
-0.368530,-0.245972,-0.669922,-0.595764
-0.367981,-0.246094,-0.670044,-0.595947
-0.367981,-0.246094,-0.670044,-0.595947
-0.367920,-0.246521,-0.670105,-0.595703
-0.367920,-0.246521,-0.670105,-0.595703
-0.368103,-0.247314,-0.670166,-0.595276
-0.368103,-0.247314,-0.670166,-0.595276
-0.367981,-0.247742,-0.670410,-0.594910
-0.367188,-0.247986,-0.670959,-0.594604
-0.367188,-0.247986,-0.670959,-0.594604
-0.366699,-0.248291,-0.671570,-0.594116
-0.366150,-0.248169,-0.672119,-0.593872
-0.366150,-0.248169,-0.672119,-0.593872
-0.365295,-0.247681,-0.672852,-0.593811
-0.365295,-0.247681,-0.672852,-0.593811
-0.364929,-0.247864,-0.673340,-0.593445
-0.364929,-0.247864,-0.673340,-0.593445
-0.364441,-0.248230,-0.673767,-0.593079
-0.363708,-0.248779,-0.674377,-0.592590
-0.363708,-0.248779,-0.674377,-0.592590
-0.363586,-0.249512,-0.674866,-0.591736
-0.363586,-0.249512,-0.674866,-0.591736
-0.363647,-0.249634,-0.675354,-0.591125
-0.363647,-0.249634,-0.675354,-0.591125
-0.363525,-0.249451,-0.675659,-0.591003
-0.363525,-0.249451,-0.675659,-0.591003
-0.363159,-0.248718,-0.675903,-0.591187
-0.362732,-0.248108,-0.676331,-0.591248
-0.362732,-0.248108,-0.676331,-0.591248
-0.362671,-0.248108,-0.676697,-0.590820
-0.362671,-0.248108,-0.676697,-0.590820
-0.362976,-0.248596,-0.676941,-0.590149
-0.363159,-0.248840,-0.676941,-0.589966
-0.363159,-0.248840,-0.676941,-0.589966
-0.363464,-0.248779,-0.676819,-0.589905
-0.363464,-0.248779,-0.676819,-0.589905
-0.363464,-0.248840,-0.676819,-0.589905
-0.363464,-0.248901,-0.676880,-0.589844
-0.363464,-0.248901,-0.676880,-0.589844
-0.363770,-0.249146,-0.676880,-0.589539
-0.363770,-0.249146,-0.676880,-0.589539
-0.364319,-0.249329,-0.676575,-0.589478
-0.364929,-0.249268,-0.676208,-0.589539
-0.364929,-0.249268,-0.676208,-0.589539
-0.364929,-0.248901,-0.676270,-0.589661
-0.364929,-0.248901,-0.676270,-0.589661
-0.364807,-0.248657,-0.676514,-0.589539
-0.364807,-0.248657,-0.676514,-0.589539
-0.365051,-0.249023,-0.676514,-0.589233
-0.365051,-0.249023,-0.676514,-0.589233
-0.365173,-0.249146,-0.676575,-0.589050
-0.365173,-0.249146,-0.676575,-0.589050
-0.364990,-0.248779,-0.676819,-0.588989
-0.364807,-0.248657,-0.677124,-0.588806
-0.364807,-0.248657,-0.677124,-0.588806
-0.364929,-0.248840,-0.677490,-0.588257
-0.364929,-0.248840,-0.677490,-0.588257
-0.365173,-0.248718,-0.677795,-0.587769
-0.365295,-0.248413,-0.677856,-0.587769
-0.365295,-0.248413,-0.677856,-0.587769
-0.365417,-0.247925,-0.677795,-0.587952
-0.365417,-0.247925,-0.677795,-0.587952
-0.365234,-0.247742,-0.677917,-0.588013
-0.365234,-0.247925,-0.678101,-0.587769
-0.365234,-0.247925,-0.678101,-0.587769
-0.365295,-0.248352,-0.678284,-0.587280
-0.365295,-0.248352,-0.678284,-0.587280
-0.365479,-0.248779,-0.678284,-0.586975
-0.365479,-0.248840,-0.678284,-0.586975
-0.365479,-0.248840,-0.678284,-0.586975
-0.365051,-0.248474,-0.678467,-0.587158
-0.365051,-0.248474,-0.678467,-0.587158
-0.364807,-0.248657,-0.678711,-0.586975
-0.365234,-0.249390,-0.678833,-0.586304
-0.365540,-0.249634,-0.678772,-0.586121
-0.365540,-0.249634,-0.678772,-0.586121
-0.365662,-0.249329,-0.678711,-0.586182
-0.365234,-0.248596,-0.679016,-0.586426
-0.365234,-0.248596,-0.679016,-0.586426
-0.365295,-0.248657,-0.679077,-0.586304
-0.365295,-0.248657,-0.679077,-0.586304
-0.365479,-0.249023,-0.678955,-0.586121
-0.365784,-0.249451,-0.678711,-0.585999
-0.365784,-0.249451,-0.678711,-0.585999
-0.366089,-0.249939,-0.678406,-0.585999
-0.366089,-0.249939,-0.678406,-0.585999
-0.365723,-0.249756,-0.678406,-0.586243
-0.365479,-0.249695,-0.678467,-0.586426
-0.365479,-0.249695,-0.678467,-0.586426
-0.365479,-0.249695,-0.678467,-0.586426
-0.365479,-0.249695,-0.678467,-0.586426
-0.365723,-0.249939,-0.678162,-0.586487
-0.365723,-0.249939,-0.678162,-0.586487
-0.365967,-0.250183,-0.677795,-0.586670
-0.365967,-0.250183,-0.677795,-0.586670
-0.365601,-0.250061,-0.677734,-0.587036
-0.365601,-0.250061,-0.677673,-0.587097
-0.365601,-0.250061,-0.677673,-0.587097
-0.366028,-0.250366,-0.677490,-0.586914
-0.366028,-0.250366,-0.677490,-0.586914
-0.366150,-0.250000,-0.677368,-0.587097
-0.366150,-0.250000,-0.677368,-0.587097
-0.366272,-0.249695,-0.677307,-0.587280
-0.366150,-0.249390,-0.677490,-0.587280
-0.366150,-0.249390,-0.677490,-0.587280
-0.366089,-0.249207,-0.677673,-0.587158
-0.366089,-0.249207,-0.677673,-0.587158
-0.366394,-0.249390,-0.677673,-0.586914
-0.366394,-0.249451,-0.677612,-0.586914
-0.366394,-0.249451,-0.677612,-0.586914
-0.366272,-0.249634,-0.677795,-0.586670
-0.366272,-0.249634,-0.677795,-0.586670
-0.365967,-0.249390,-0.678162,-0.586548
-0.365906,-0.249512,-0.678467,-0.586243
-0.365906,-0.249512,-0.678467,-0.586243
-0.366028,-0.249756,-0.678528,-0.585938
-0.366028,-0.249756,-0.678528,-0.585938
-0.366089,-0.249634,-0.678589,-0.585938
-0.366089,-0.249634,-0.678589,-0.585938
-0.365723,-0.249634,-0.678833,-0.585815
-0.365417,-0.250183,-0.679199,-0.585388
-0.365417,-0.250183,-0.679199,-0.585388
-0.365234,-0.250549,-0.679443,-0.585083
-0.365234,-0.250549,-0.679443,-0.585083
-0.365173,-0.250610,-0.679443,-0.585083
-0.365173,-0.250610,-0.679443,-0.585083
-0.365356,-0.251038,-0.679321,-0.584961
-0.365356,-0.251038,-0.679321,-0.584961
-0.364868,-0.251099,-0.679565,-0.584961
-0.364563,-0.251587,-0.679749,-0.584717
-0.364563,-0.251587,-0.679749,-0.584717
-0.364502,-0.252258,-0.679749,-0.584412
-0.364502,-0.252258,-0.679749,-0.584412
-0.364441,-0.252686,-0.679749,-0.584290
-0.364441,-0.252686,-0.679749,-0.584290
-0.364380,-0.252747,-0.679749,-0.584290
-0.363953,-0.252930,-0.679871,-0.584351
-0.363953,-0.252930,-0.679871,-0.584351
-0.363464,-0.253174,-0.679993,-0.584412
-0.363464,-0.253174,-0.679993,-0.584412
-0.363342,-0.253784,-0.679932,-0.584229
-0.363342,-0.253784,-0.679932,-0.584229
-0.363403,-0.254395,-0.679932,-0.584045
-0.363403,-0.254395,-0.679932,-0.584045
-0.363220,-0.254639,-0.679871,-0.584045
-0.362976,-0.254578,-0.679993,-0.584106
-0.362976,-0.254578,-0.679993,-0.584106
-0.362793,-0.254456,-0.680176,-0.584045
-0.362793,-0.254456,-0.680176,-0.584045
-0.362793,-0.254517,-0.680176,-0.584045
-0.362793,-0.254517,-0.680176,-0.584045
-0.362915,-0.254883,-0.680115,-0.583862
-0.362854,-0.254944,-0.680176,-0.583801
-0.362854,-0.254944,-0.680176,-0.583801
-0.362915,-0.255005,-0.680298,-0.583618
-0.362915,-0.255005,-0.680298,-0.583618
-0.363037,-0.255188,-0.680481,-0.583252
-0.363098,-0.255371,-0.680603,-0.583008
-0.363098,-0.255371,-0.680603,-0.583008
-0.363037,-0.255188,-0.680786,-0.582886
-0.363037,-0.255188,-0.680786,-0.582886
-0.363098,-0.255249,-0.681030,-0.582520
-0.362976,-0.255188,-0.681213,-0.582397
-0.362976,-0.255188,-0.681213,-0.582397
-0.363098,-0.255371,-0.681396,-0.582031
-0.363098,-0.255371,-0.681396,-0.582031
-0.363159,-0.255371,-0.681458,-0.581909
-0.363220,-0.255249,-0.681519,-0.581848
-0.363220,-0.255249,-0.681519,-0.581848
-0.363281,-0.255188,-0.681580,-0.581726
-0.363281,-0.255188,-0.681580,-0.581726
-0.363159,-0.255188,-0.681763,-0.581604
-0.363159,-0.255188,-0.681763,-0.581604
-0.363037,-0.255127,-0.682007,-0.581421
-0.363037,-0.255127,-0.682007,-0.581421
-0.363037,-0.255188,-0.682007,-0.581421
-0.363037,-0.255127,-0.682068,-0.581360
-0.363037,-0.255127,-0.682068,-0.581360
-0.362915,-0.255066,-0.682251,-0.581238
-0.362915,-0.255066,-0.682251,-0.581238
-0.362915,-0.255066,-0.682434,-0.581116
-0.362915,-0.255066,-0.682434,-0.581116
-0.362854,-0.255249,-0.682434,-0.581055
-0.362732,-0.255188,-0.682556,-0.580994
-0.362732,-0.255188,-0.682556,-0.580994
-0.362671,-0.254761,-0.682556,-0.581177
-0.362671,-0.254761,-0.682556,-0.581177
-0.362671,-0.254761,-0.682556,-0.581177
-0.362610,-0.254822,-0.682678,-0.581055
-0.362610,-0.254822,-0.682678,-0.581055
-0.362366,-0.254456,-0.682861,-0.581177
-0.362366,-0.254456,-0.682861,-0.581177
-0.362366,-0.254517,-0.682861,-0.581177
-0.362122,-0.254639,-0.683044,-0.580994
-0.362122,-0.254639,-0.683044,-0.580994
-0.361511,-0.254517,-0.683350,-0.581116
-0.361511,-0.254517,-0.683350,-0.581116
-0.361511,-0.254517,-0.683472,-0.580933
-0.361816,-0.254456,-0.683411,-0.580872
-0.361816,-0.254456,-0.683411,-0.580872
-0.362366,-0.254578,-0.683167,-0.580811
-0.362366,-0.254578,-0.683167,-0.580811
-0.362732,-0.254395,-0.683044,-0.580750
-0.362732,-0.254395,-0.683044,-0.580750
-0.362854,-0.253967,-0.683167,-0.580750
-0.362854,-0.253967,-0.683167,-0.580750
-0.362854,-0.253967,-0.683167,-0.580750
-0.362854,-0.253967,-0.683167,-0.580750
-0.362793,-0.254028,-0.683167,-0.580750
-0.362793,-0.254028,-0.683105,-0.580750
-0.362793,-0.254028,-0.683105,-0.580750
-0.362793,-0.254272,-0.683044,-0.580750
-0.362793,-0.254272,-0.683044,-0.580750
-0.363037,-0.254761,-0.682861,-0.580627
-0.362976,-0.254761,-0.682861,-0.580627
-0.362976,-0.254761,-0.682861,-0.580627
-0.362976,-0.254822,-0.682861,-0.580627
-0.362976,-0.254822,-0.682861,-0.580627
-0.362976,-0.254639,-0.682739,-0.580872
-0.362976,-0.254639,-0.682739,-0.580872
-0.362976,-0.254639,-0.682739,-0.580872
-0.362976,-0.254639,-0.682739,-0.580872
-0.362854,-0.254944,-0.682800,-0.580750
-0.362854,-0.254944,-0.682800,-0.580750
-0.362793,-0.255310,-0.682800,-0.580627
-0.362854,-0.255432,-0.682678,-0.580627
-0.362854,-0.255432,-0.682678,-0.580627
-0.362854,-0.255249,-0.682739,-0.580688
-0.362854,-0.255249,-0.682739,-0.580688
-0.362915,-0.255249,-0.682739,-0.580566
-0.363037,-0.255249,-0.682861,-0.580444
-0.363037,-0.255249,-0.682861,-0.580444
-0.363281,-0.255371,-0.682800,-0.580261
-0.363281,-0.255371,-0.682800,-0.580261
-0.363220,-0.255371,-0.682800,-0.580261
-0.363220,-0.255371,-0.682800,-0.580261
-0.363159,-0.255310,-0.682922,-0.580261
-0.363037,-0.254944,-0.683167,-0.580200
-0.363037,-0.254944,-0.683167,-0.580200
-0.363098,-0.254639,-0.683350,-0.580017
-0.363098,-0.254639,-0.683350,-0.580017
-0.363403,-0.254395,-0.683472,-0.579834
-0.363525,-0.253906,-0.683594,-0.579895
-0.363525,-0.253906,-0.683594,-0.579895
-0.363159,-0.253723,-0.683777,-0.579895
-0.363159,-0.253723,-0.683777,-0.579895
-0.362976,-0.253662,-0.684021,-0.579773
-0.362915,-0.253601,-0.684021,-0.579834
-0.362915,-0.253601,-0.684021,-0.579834
-0.363159,-0.253540,-0.683960,-0.579834
-0.363159,-0.253540,-0.683960,-0.579834
-0.363037,-0.253052,-0.684021,-0.580017
-0.363037,-0.253052,-0.684021,-0.580017
-0.362915,-0.252869,-0.684082,-0.580078
-0.362915,-0.252869,-0.684082,-0.580078
-0.362732,-0.252991,-0.684204,-0.579956
-0.362793,-0.253296,-0.684143,-0.579834
-0.362793,-0.253296,-0.684143,-0.579834
-0.362793,-0.253357,-0.684143,-0.579834
-0.362793,-0.253357,-0.684143,-0.579834
-0.362549,-0.253174,-0.684204,-0.580017
-0.362488,-0.253174,-0.684204,-0.580017
-0.362488,-0.253174,-0.684204,-0.580017
-0.362488,-0.253052,-0.684326,-0.579956
-0.362488,-0.253052,-0.684326,-0.579956
-0.362488,-0.253052,-0.684326,-0.579956
-0.362488,-0.253052,-0.684326,-0.579956
-0.362427,-0.253052,-0.684509,-0.579773
-0.362061,-0.252808,-0.684814,-0.579773
-0.362061,-0.252808,-0.684814,-0.579773
-0.361755,-0.252686,-0.685120,-0.579590
-0.361755,-0.252686,-0.685120,-0.579590
-0.361938,-0.252808,-0.685242,-0.579285
-0.361938,-0.252808,-0.685242,-0.579285
-0.362061,-0.252747,-0.685425,-0.579102
-0.362061,-0.252747,-0.685425,-0.579102
-0.361938,-0.252441,-0.685608,-0.579102
-0.361938,-0.252441,-0.685608,-0.579102
-0.361694,-0.252014,-0.685730,-0.579224
-0.361633,-0.252075,-0.685730,-0.579285
-0.361633,-0.252075,-0.685730,-0.579285
-0.361694,-0.252075,-0.685791,-0.579163
-0.361694,-0.252075,-0.685791,-0.579163
-0.361755,-0.252014,-0.685730,-0.579224
-0.361755,-0.251770,-0.685669,-0.579407
-0.361755,-0.251770,-0.685669,-0.579407
-0.361816,-0.251526,-0.685669,-0.579529
-0.361816,-0.251526,-0.685669,-0.579529
-0.361755,-0.251526,-0.685608,-0.579529
-0.361755,-0.251587,-0.685608,-0.579529
-0.361755,-0.251587,-0.685608,-0.579529
-0.361816,-0.251587,-0.685486,-0.579651
-0.361816,-0.251587,-0.685486,-0.579651
-0.361816,-0.251648,-0.685486,-0.579651
-0.361816,-0.251648,-0.685425,-0.579651
-0.361816,-0.251648,-0.685425,-0.579651
-0.361938,-0.252075,-0.685486,-0.579407
-0.361938,-0.252075,-0.685486,-0.579407
-0.361938,-0.252075,-0.685486,-0.579407
-0.361755,-0.252014,-0.685608,-0.579346
-0.361694,-0.251892,-0.685730,-0.579285
-0.361694,-0.251892,-0.685730,-0.579285
-0.361633,-0.251953,-0.685913,-0.579102
-0.361633,-0.251953,-0.685913,-0.579102
-0.361511,-0.252258,-0.686035,-0.578918
-0.361511,-0.252319,-0.686035,-0.578918
-0.361511,-0.252319,-0.686035,-0.578918
-0.361450,-0.252319,-0.686035,-0.578918
-0.361450,-0.252319,-0.686035,-0.578918
-0.361267,-0.252136,-0.686035,-0.579163
-0.361023,-0.252014,-0.686096,-0.579224
-0.361023,-0.252014,-0.686096,-0.579224
-0.361023,-0.252075,-0.686096,-0.579285
-0.361023,-0.252075,-0.686096,-0.579285
-0.360962,-0.252075,-0.686096,-0.579285
-0.360962,-0.252075,-0.686096,-0.579285
-0.361023,-0.252014,-0.685913,-0.579468
-0.361084,-0.252075,-0.685852,-0.579468
-0.361084,-0.252075,-0.685852,-0.579468
-0.360840,-0.251953,-0.685913,-0.579590
-0.360840,-0.251953,-0.685913,-0.579590
-0.360901,-0.252319,-0.685791,-0.579590
-0.360901,-0.252319,-0.685791,-0.579590
-0.360840,-0.252319,-0.685791,-0.579590
-0.360840,-0.252319,-0.685791,-0.579590
-0.361145,-0.252258,-0.685669,-0.579590
-0.361145,-0.252258,-0.685669,-0.579590
-0.361145,-0.252319,-0.685608,-0.579651
-0.361084,-0.252319,-0.685608,-0.579651
-0.361084,-0.252319,-0.685608,-0.579651
-0.361145,-0.252502,-0.685547,-0.579590
-0.361145,-0.252502,-0.685547,-0.579590
-0.361389,-0.252991,-0.685364,-0.579468
-0.361267,-0.253235,-0.685364,-0.579407
-0.361267,-0.253235,-0.685364,-0.579407
-0.361023,-0.253540,-0.685486,-0.579285
-0.361023,-0.253540,-0.685486,-0.579285
-0.360840,-0.253601,-0.685669,-0.579163
-0.360901,-0.253784,-0.685791,-0.578918
-0.360901,-0.253784,-0.685791,-0.578918
-0.360901,-0.253845,-0.685791,-0.578918
-0.360901,-0.253845,-0.685791,-0.578918
-0.360657,-0.253601,-0.685913,-0.579041
-0.360657,-0.253601,-0.685913,-0.579041
-0.360596,-0.253601,-0.685913,-0.579041
-0.360718,-0.253784,-0.685913,-0.578918
-0.360718,-0.253784,-0.685913,-0.578918
-0.360962,-0.253967,-0.685730,-0.578918
-0.360962,-0.253967,-0.685730,-0.578918
-0.360962,-0.254028,-0.685669,-0.578918
-0.360779,-0.253662,-0.685852,-0.578979
-0.360779,-0.253662,-0.685852,-0.578979
-0.360596,-0.253479,-0.685913,-0.579102
-0.360596,-0.253479,-0.685913,-0.579102
-0.360657,-0.253662,-0.685852,-0.579041
-0.360657,-0.253662,-0.685852,-0.579041
-0.360657,-0.253662,-0.685852,-0.579041
-0.360657,-0.253662,-0.685852,-0.579041
-0.360474,-0.253662,-0.685974,-0.579041
-0.360474,-0.253662,-0.685974,-0.579041
-0.360413,-0.253662,-0.685974,-0.579041
-0.360413,-0.253845,-0.686096,-0.578857
-0.360413,-0.253845,-0.686096,-0.578857
-0.360413,-0.253845,-0.686096,-0.578857
-0.360413,-0.253845,-0.686096,-0.578857
-0.360291,-0.253845,-0.686035,-0.578979
-0.359924,-0.253845,-0.686218,-0.578979
-0.359924,-0.253845,-0.686218,-0.578979
-0.359924,-0.254272,-0.686279,-0.578735
-0.359924,-0.254272,-0.686279,-0.578735
-0.360168,-0.254944,-0.686157,-0.578430
-0.360229,-0.254944,-0.685974,-0.578613
-0.360229,-0.254944,-0.685974,-0.578613
-0.360046,-0.254761,-0.686035,-0.578735
-0.360046,-0.254761,-0.686035,-0.578735
-0.359985,-0.254761,-0.686035,-0.578735
-0.359985,-0.254761,-0.686035,-0.578735
-0.359985,-0.254761,-0.686035,-0.578796
-0.360046,-0.255249,-0.685913,-0.578674
-0.360046,-0.255249,-0.685913,-0.578674
-0.360168,-0.255737,-0.685730,-0.578613
-0.360168,-0.255737,-0.685730,-0.578613
-0.359924,-0.255615,-0.685730,-0.578796
-0.359924,-0.255615,-0.685730,-0.578796
-0.359863,-0.255615,-0.685730,-0.578796
-0.359863,-0.255615,-0.685730,-0.578796
-0.360107,-0.255859,-0.685608,-0.578735
-0.360291,-0.255981,-0.685486,-0.578735
-0.360291,-0.255981,-0.685486,-0.578735
-0.360474,-0.255859,-0.685364,-0.578796
-0.360474,-0.255859,-0.685364,-0.578796
-0.360596,-0.255676,-0.685364,-0.578857
-0.360718,-0.255432,-0.685364,-0.578796
-0.360718,-0.255432,-0.685364,-0.578796
-0.361023,-0.255371,-0.685242,-0.578796
-0.361023,-0.255371,-0.685242,-0.578796
-0.361267,-0.255249,-0.685181,-0.578735
-0.361450,-0.255127,-0.685181,-0.578735
-0.361450,-0.255127,-0.685181,-0.578735
-0.361694,-0.255188,-0.685059,-0.578674
-0.361694,-0.255188,-0.685059,-0.578674
-0.361938,-0.255066,-0.684998,-0.578674
-0.361938,-0.255066,-0.684998,-0.578674
-0.362244,-0.255066,-0.684937,-0.578552
-0.362549,-0.255005,-0.684875,-0.578491
-0.362549,-0.255005,-0.684875,-0.578491
-0.362610,-0.254822,-0.684875,-0.578491
-0.362610,-0.254822,-0.684875,-0.578491
-0.362854,-0.255005,-0.684875,-0.578247
-0.363098,-0.255066,-0.684814,-0.578125
-0.363098,-0.255066,-0.684814,-0.578125
-0.363098,-0.255066,-0.684814,-0.578125
-0.363098,-0.254822,-0.684875,-0.578125
-0.363281,-0.255066,-0.684875,-0.577942
-0.363281,-0.255066,-0.684875,-0.577942
-0.363403,-0.255310,-0.684814,-0.577881
-0.363403,-0.255310,-0.684814,-0.577881
-0.363403,-0.255310,-0.684753,-0.577881
-0.363525,-0.255615,-0.684692,-0.577759
-0.363525,-0.255615,-0.684692,-0.577759
-0.363770,-0.255676,-0.684631,-0.577698
-0.363770,-0.255676,-0.684631,-0.577698
-0.363770,-0.255676,-0.684631,-0.577698
-0.364136,-0.255615,-0.684570,-0.577576
-0.364380,-0.255310,-0.684631,-0.577454
-0.364380,-0.255310,-0.684631,-0.577454
-0.364685,-0.255371,-0.684509,-0.577332
-0.364685,-0.255371,-0.684509,-0.577332
-0.364929,-0.255249,-0.684509,-0.577332
-0.364990,-0.255188,-0.684448,-0.577332
-0.364990,-0.255188,-0.684448,-0.577332
-0.365173,-0.255066,-0.684326,-0.577393
-0.365173,-0.255066,-0.684326,-0.577393
-0.365234,-0.254883,-0.684265,-0.577515
-0.365417,-0.254822,-0.684143,-0.577576
-0.365417,-0.254822,-0.684143,-0.577576
-0.365601,-0.254761,-0.683960,-0.577698
-0.365601,-0.254761,-0.683960,-0.577698
-0.365540,-0.254700,-0.683899,-0.577820
-0.365540,-0.254700,-0.683899,-0.577820
-0.365784,-0.254822,-0.683655,-0.577942
-0.365784,-0.254822,-0.683655,-0.577942
-0.366028,-0.254700,-0.683472,-0.578003
-0.366028,-0.254700,-0.683472,-0.578003
-0.366272,-0.254578,-0.683289,-0.578186
-0.366394,-0.254272,-0.683228,-0.578247
-0.366394,-0.254272,-0.683228,-0.578247
-0.366516,-0.254028,-0.683228,-0.578369
-0.366516,-0.254028,-0.683228,-0.578369
-0.366638,-0.254089,-0.683044,-0.578430
-0.366821,-0.254028,-0.682861,-0.578552
-0.366821,-0.254028,-0.682861,-0.578552
-0.366821,-0.254089,-0.682861,-0.578552
-0.366821,-0.254089,-0.682861,-0.578552
-0.366821,-0.254089,-0.682861,-0.578552
-0.366760,-0.254150,-0.682861,-0.578552
-0.366760,-0.254150,-0.682861,-0.578552
-0.367065,-0.254395,-0.682678,-0.578491
-0.367065,-0.254395,-0.682678,-0.578491
-0.367188,-0.254333,-0.682495,-0.578613
-0.367065,-0.254150,-0.682434,-0.578857
-0.367065,-0.254150,-0.682434,-0.578857
-0.366882,-0.254395,-0.682434,-0.578857
-0.366882,-0.254395,-0.682434,-0.578857
-0.366882,-0.254883,-0.682373,-0.578735
-0.366882,-0.254883,-0.682373,-0.578735
-0.366882,-0.254883,-0.682373,-0.578735
-0.366882,-0.254944,-0.682373,-0.578735
-0.366882,-0.254944,-0.682373,-0.578735
-0.366638,-0.254883,-0.682495,-0.578735
-0.366638,-0.254883,-0.682495,-0.578735
-0.366455,-0.255127,-0.682617,-0.578613
-0.366516,-0.255554,-0.682556,-0.578430
-0.366516,-0.255554,-0.682556,-0.578430
-0.366577,-0.255737,-0.682495,-0.578369
-0.366577,-0.255737,-0.682495,-0.578369
-0.366577,-0.255798,-0.682495,-0.578369
-0.366577,-0.255798,-0.682495,-0.578369
-0.366272,-0.255676,-0.682556,-0.578552
-0.366272,-0.255676,-0.682556,-0.578552
-0.366272,-0.255676,-0.682556,-0.578552
-0.366394,-0.256042,-0.682495,-0.578369
-0.366394,-0.256042,-0.682495,-0.578369
-0.366394,-0.256348,-0.682373,-0.578369
-0.366394,-0.256348,-0.682373,-0.578369
-0.366394,-0.256348,-0.682373,-0.578369
-0.366150,-0.256042,-0.682495,-0.578552
-0.366150,-0.256042,-0.682495,-0.578552
-0.366272,-0.256226,-0.682617,-0.578186
-0.366272,-0.256226,-0.682617,-0.578186
-0.366211,-0.256165,-0.682861,-0.578003
-0.366089,-0.256104,-0.683044,-0.577881
-0.366089,-0.256104,-0.683044,-0.577881
-0.365967,-0.256104,-0.683289,-0.577698
-0.365967,-0.256104,-0.683289,-0.577698
-0.365967,-0.256104,-0.683289,-0.577698
-0.365784,-0.256104,-0.683716,-0.577271
-0.365784,-0.256104,-0.683716,-0.577271
-0.365906,-0.256104,-0.683899,-0.577026
-0.365906,-0.256104,-0.683899,-0.577026
-0.365723,-0.255859,-0.684265,-0.576782
-0.365723,-0.255859,-0.684265,-0.576782
-0.365540,-0.255737,-0.684570,-0.576599
-0.365295,-0.255798,-0.684875,-0.576355
-0.365295,-0.255798,-0.684875,-0.576355
-0.365173,-0.255859,-0.685059,-0.576172
-0.365173,-0.255859,-0.685059,-0.576172
-0.365051,-0.255859,-0.685242,-0.576050
-0.365051,-0.255859,-0.685242,-0.576050
-0.364990,-0.255859,-0.685486,-0.575806
-0.364990,-0.255859,-0.685486,-0.575806
-0.364807,-0.256042,-0.685730,-0.575500
-0.364807,-0.256042,-0.685730,-0.575500
-0.364746,-0.256165,-0.686035,-0.575195
-0.364563,-0.256287,-0.686279,-0.574951
-0.364563,-0.256287,-0.686279,-0.574951
-0.364319,-0.256348,-0.686523,-0.574768
-0.364319,-0.256348,-0.686523,-0.574768
-0.364136,-0.256348,-0.686768,-0.574585
-0.364258,-0.256714,-0.686890,-0.574158
-0.364258,-0.256714,-0.686890,-0.574158
-0.364258,-0.256714,-0.686890,-0.574158
-0.364014,-0.257019,-0.687378,-0.573669
-0.364014,-0.257019,-0.687378,-0.573669
-0.363770,-0.256958,-0.687622,-0.573547
-0.363770,-0.256958,-0.687622,-0.573547
-0.363831,-0.257019,-0.687805,-0.573181
-0.364075,-0.257080,-0.687927,-0.572937
-0.364075,-0.257080,-0.687927,-0.572937
-0.364319,-0.257080,-0.687927,-0.572693
-0.364319,-0.257080,-0.687927,-0.572693
-0.364197,-0.256531,-0.688232,-0.572754
-0.364197,-0.256531,-0.688232,-0.572754
-0.364197,-0.256531,-0.688232,-0.572754
-0.364136,-0.256104,-0.688416,-0.572693
-0.364441,-0.256348,-0.688477,-0.572327
-0.364441,-0.256348,-0.688477,-0.572327
-0.364563,-0.256287,-0.688538,-0.572205
-0.364563,-0.256287,-0.688538,-0.572205
-0.364624,-0.256226,-0.688599,-0.572144
-0.364685,-0.256226,-0.688660,-0.572021
-0.364685,-0.256226,-0.688660,-0.572021
-0.364746,-0.256226,-0.688782,-0.571838
-0.364746,-0.256226,-0.688782,-0.571838
-0.364807,-0.256653,-0.688904,-0.571411
-0.364746,-0.256714,-0.689026,-0.571289
-0.364746,-0.256714,-0.689026,-0.571289
-0.364380,-0.256287,-0.689148,-0.571594
-0.364380,-0.256287,-0.689148,-0.571594
-0.364258,-0.256531,-0.689270,-0.571472
-0.364258,-0.256531,-0.689270,-0.571472
-0.364258,-0.257019,-0.689331,-0.571106
-0.364197,-0.257019,-0.689331,-0.571167
-0.364197,-0.257019,-0.689331,-0.571167
-0.364014,-0.257080,-0.689209,-0.571411
-0.364014,-0.257080,-0.689209,-0.571411
-0.364014,-0.257751,-0.688965,-0.571411
-0.364014,-0.257751,-0.688965,-0.571411
-0.363953,-0.258545,-0.688782,-0.571350
-0.363464,-0.259033,-0.688721,-0.571472
-0.363464,-0.259033,-0.688721,-0.571472
-0.363159,-0.259521,-0.688599,-0.571594
-0.363159,-0.259521,-0.688599,-0.571594
-0.363037,-0.259888,-0.688538,-0.571594
-0.362915,-0.260254,-0.688416,-0.571655
-0.362915,-0.260254,-0.688416,-0.571655
-0.362915,-0.260498,-0.688293,-0.571716
-0.362915,-0.260498,-0.688293,-0.571716
-0.362915,-0.260498,-0.688293,-0.571716
-0.362915,-0.260498,-0.688293,-0.571716
-0.362854,-0.260559,-0.688232,-0.571716
-0.362915,-0.260559,-0.688293,-0.571655
-0.362915,-0.260559,-0.688293,-0.571655
-0.363098,-0.260193,-0.688416,-0.571594
-0.363098,-0.259888,-0.688538,-0.571533
-0.363098,-0.259888,-0.688538,-0.571533
-0.363403,-0.259827,-0.688538,-0.571350
-0.363403,-0.259827,-0.688538,-0.571350
-0.363708,-0.259949,-0.688538,-0.571045
-0.363708,-0.259949,-0.688538,-0.571045
-0.364014,-0.259949,-0.688599,-0.570862
-0.364014,-0.259949,-0.688599,-0.570862
-0.364014,-0.259949,-0.688599,-0.570862
-0.364014,-0.259705,-0.688782,-0.570740
-0.364014,-0.259705,-0.688782,-0.570740
-0.364319,-0.259644,-0.688843,-0.570496
-0.364319,-0.259644,-0.688843,-0.570496
-0.364807,-0.259216,-0.688843,-0.570374
-0.364807,-0.259216,-0.688843,-0.570374
-0.365234,-0.258728,-0.688965,-0.570190
-0.365234,-0.258728,-0.688965,-0.570190
-0.366028,-0.258728,-0.688904,-0.569763
-0.366821,-0.258545,-0.688782,-0.569397
-0.366821,-0.258545,-0.688782,-0.569397
-0.368042,-0.258423,-0.688477,-0.569092
-0.368042,-0.258423,-0.688477,-0.569092
-0.369019,-0.258301,-0.688293,-0.568787
-0.369019,-0.258301,-0.688293,-0.568787
-0.369690,-0.258179,-0.688232,-0.568481
-0.370117,-0.258179,-0.688232,-0.568176
-0.370117,-0.258179,-0.688232,-0.568176
-0.370605,-0.258606,-0.688293,-0.567627
-0.370605,-0.258606,-0.688293,-0.567627
-0.370789,-0.259094,-0.688477,-0.567078
-0.370789,-0.259094,-0.688477,-0.567078
-0.370789,-0.259094,-0.688477,-0.567078
-0.370667,-0.259460,-0.688843,-0.566528
-0.370422,-0.260071,-0.689331,-0.565796
-0.370422,-0.260071,-0.689331,-0.565796
-0.369812,-0.260742,-0.689941,-0.565063
-0.369385,-0.261414,-0.690613,-0.564331
-0.369385,-0.261414,-0.690613,-0.564331
-0.368896,-0.262268,-0.691162,-0.563538
-0.368469,-0.263062,-0.691650,-0.562805
-0.368469,-0.263062,-0.691650,-0.562805
-0.368469,-0.263062,-0.691650,-0.562805
-0.367981,-0.263367,-0.692200,-0.562317
-0.367920,-0.263977,-0.692566,-0.561584
-0.367920,-0.263977,-0.692566,-0.561584
-0.368103,-0.264526,-0.692871,-0.560852
-0.368103,-0.264648,-0.693176,-0.560425
-0.368103,-0.264648,-0.693176,-0.560425
-0.368103,-0.264648,-0.693176,-0.560425
-0.368164,-0.264832,-0.693481,-0.559937
-0.368408,-0.265137,-0.693726,-0.559326
-0.368408,-0.265137,-0.693726,-0.559326
-0.368591,-0.265076,-0.693970,-0.558960
-0.368591,-0.265076,-0.693970,-0.558960
-0.368958,-0.265198,-0.694031,-0.558533
-0.369202,-0.265137,-0.694031,-0.558350
-0.369202,-0.265137,-0.694031,-0.558350
-0.369202,-0.265137,-0.694031,-0.558350
-0.369263,-0.264526,-0.694153,-0.558472
-0.369263,-0.264526,-0.694153,-0.558472
-0.369507,-0.264343,-0.694092,-0.558472
-0.369751,-0.264221,-0.693909,-0.558655
-0.369812,-0.263855,-0.693726,-0.559021
-0.369812,-0.263855,-0.693726,-0.559021
-0.370056,-0.263733,-0.693420,-0.559265
-0.370239,-0.263367,-0.693054,-0.559753
-0.370239,-0.263367,-0.693054,-0.559753
-0.370239,-0.263367,-0.693054,-0.559753
-0.370422,-0.262817,-0.692749,-0.560303
-0.370422,-0.262817,-0.692749,-0.560303
-0.370667,-0.261963,-0.692322,-0.561035
-0.371033,-0.260925,-0.691833,-0.561890
-0.371033,-0.260925,-0.691833,-0.561890
-0.371521,-0.259888,-0.691345,-0.562683
-0.371521,-0.259888,-0.691345,-0.562683
-0.371521,-0.259888,-0.691345,-0.562683
-0.372803,-0.258423,-0.690247,-0.563904
-0.372803,-0.258423,-0.690247,-0.563904
-0.372803,-0.258423,-0.690247,-0.563904
-0.372803,-0.258423,-0.690247,-0.563904
-0.373474,-0.257446,-0.689819,-0.564392
-0.373901,-0.256470,-0.689575,-0.564819
-0.374207,-0.255615,-0.689514,-0.565063
-0.374207,-0.255615,-0.689514,-0.565063
-0.374268,-0.254883,-0.689697,-0.565186
-0.374268,-0.254883,-0.689697,-0.565186
-0.374390,-0.254456,-0.689880,-0.565063
-0.374390,-0.254150,-0.690186,-0.564819
-0.374390,-0.254150,-0.690186,-0.564819
-0.374390,-0.254150,-0.690186,-0.564819
-0.374268,-0.253784,-0.690613,-0.564514
-0.374268,-0.253784,-0.690613,-0.564514
-0.373657,-0.253235,-0.691528,-0.564087
-0.373657,-0.253235,-0.691528,-0.564087
-0.373474,-0.252991,-0.691833,-0.563904
-0.373474,-0.252991,-0.691833,-0.563904
-0.373352,-0.252930,-0.692139,-0.563660
-0.373352,-0.252930,-0.692139,-0.563660
-0.373474,-0.252869,-0.692261,-0.563416
-0.373474,-0.252747,-0.692383,-0.563354
-0.373474,-0.252747,-0.692383,-0.563354
-0.373474,-0.252625,-0.692383,-0.563416
-0.373474,-0.252625,-0.692383,-0.563416
-0.373413,-0.252502,-0.692444,-0.563416
-0.373413,-0.252502,-0.692444,-0.563416
-0.373352,-0.252380,-0.692505,-0.563477
-0.373352,-0.252380,-0.692505,-0.563477
-0.373352,-0.252502,-0.692505,-0.563416
-0.373352,-0.252502,-0.692505,-0.563416
-0.373352,-0.252686,-0.692505,-0.563293
-0.373352,-0.252686,-0.692505,-0.563293
-0.373352,-0.252991,-0.692566,-0.563049
-0.373352,-0.253052,-0.692566,-0.563110
-0.373291,-0.253052,-0.692566,-0.563110
-0.373291,-0.253052,-0.692566,-0.563110
-0.373413,-0.253662,-0.692444,-0.562927
-0.373413,-0.253662,-0.692444,-0.562927
-0.373596,-0.254028,-0.692261,-0.562805
-0.373535,-0.254089,-0.692261,-0.562805
-0.373535,-0.254089,-0.692261,-0.562805
-0.373535,-0.254150,-0.692261,-0.562866
